Strategy,Final Capital,Total Return,Sharpe Ratio,Max Drawdown
Breakout,100000.0,0.0,0.0,0.0
MA Crossover,114758.57174011647,0.14758571740116477,0.3904040343762521,0.14153010017913695
